dataset,error,tau,rbo,model,approach
Openstack,4.817542421161918,0.047333333333333345,0.5509726911974523,LR,LIME
Qt,5.632127712282109,-0.08646666666666665,0.44730897009690607,LR,LIME
Openstack,6.089180601546026,0.06394871794871794,0.5164591193625653,RF,LIME
Qt,7.847120761710462,0.06266666666666665,0.3575519948873626,RF,LIME
Openstack,5.098274184323472,0.002923076923076926,0.5312347521108693,LR,SHAP
Qt,5.215221713469567,-0.1285333333333333,0.43680168497655514,LR,SHAP
Openstack,5.64547599934669,0.11753846153846152,0.5962455971658216,RF,SHAP
Qt,6.863639197824112,0.13443333333333332,0.30621015394215756,RF,SHAP
